payment_method,txn_count,revenue
Digital Wallet,44507,15188835.490000015
Credit Card,53511,18351604.459999908
Cash,59345,21118204.150000006
Debit Card,44709,15607580.08000001
Unknown,2365,865433.46
UPI,95563,33343492.709999938
