city,revenue,orders,unique_customers
Bangalore,14131076.609999996,41593,14039
Pune,7266826.210000003,20670,11175
Delhi,16727892.069999995,47255,14297
Mumbai,20351465.019999973,57124,14660
Chennai,10623728.84,29990,12921
Jaipur,4761567.860000003,14780,9289
Lucknow,3971990.7299999986,11697,8036
Ahmedabad,6014703.209999993,17502,10272
Kolkata,8345072.619999999,23561,11827
Hyderabad,12280827.180000002,35828,13564
